name,email,score,source,ai_decision,ai_reason,followup_email
Ion Popescu,ion@firma.ro,85,Facebook Ads,Qualified,High score of 85 indicates strong purchase intent.,"Subject: Quick follow-up from our Facebook conversation

Hi Ion,

Saw your interest in our offer on Facebook—thanks for that! I wanted to reach out personally and see if you'd like to chat about how we can help.

Are you free for a brief call this week?

Best,
[Your Name]"
Maria Ionescu,maria@firma.ro,45,Google Ads,Nurture,"Low score indicates early-stage interest, needs engagement.",
Andrei Stan,andrei@firma.ro,92,Referral,Qualified,High score of 92 from trusted referral source.,"**Subject: Quick follow-up from [Referrer Name]**

Hi Andrei,

[Referrer Name] recently spoke highly of you and thought we should connect. I work with teams like yours on [your solution]. Would you be open to a brief chat next week?

Best,
[Your Name]"
